Type,CPI,CPI_YonY,CPI_MonM
Jan-57,1.90972,,
Feb-57,1.89311,,-0.86957
Mar-57,1.89311,,0
Apr-57,1.95953,,3.50877
May-57,1.92632,,-1.69492
Jun-57,1.95953,,1.72414
Jul-57,1.97614,,0.84746
Aug-57,2.02596,,2.52101
Sep-57,2.02596,,0
Oct-57,2.04256,,0.81967
Nov-57,2.04256,,0
Dec-57,2.04256,,0
Jan-58,2.04256,6.95652,0
Feb-58,2.09238,10.52632,2.43902
Mar-58,2.04256,7.89474,-2.38095
Apr-58,2.05917,5.08475,0.81301
May-58,2.05917,6.89655,0
Jun-58,2.07578,5.9322,0.80645
Jul-58,2.1256,7.56303,2.4
Aug-58,2.10899,4.09836,-0.78125
Sep-58,2.1256,4.91803,0.7874
Oct-58,1.99275,-2.43902,-6.25
Nov-58,1.90972,-6.50407,-4.16667
Dec-58,1.8599,-8.94309,-2.6087
Jan-59,1.8599,-8.94309,0
Feb-59,1.8765,-10.31746,0.89286
Mar-59,1.90972,-6.50407,1.76991
Apr-59,1.90972,-7.25806,0
May-59,1.92632,-6.45161,0.86957
Jun-59,1.94293,-6.4,0.86207
Jul-59,1.97614,-7.03125,1.7094
Aug-59,2.00935,-4.72441,1.68067
Sep-59,2.04256,-3.90625,1.65289
Oct-59,2.04256,2.5,0
Nov-59,2.09238,9.56522,2.43902
Dec-59,2.07578,11.60714,-0.79365
Jan-60,2.10899,13.39286,1.6
Feb-60,2.1256,13.27434,0.7874
Mar-60,2.10899,10.43478,-0.78125
Apr-60,2.09238,9.56522,-0.7874
May-60,2.10899,9.48276,0.79365
Jun-60,2.1256,9.40171,0.7874
Jul-60,2.1422,8.40336,0.78125
Aug-60,2.09238,4.13223,-2.32558
Sep-60,2.09238,2.43902,0
Oct-60,2.10899,3.25203,0.79365
Nov-60,2.09238,0,-0.7874
Dec-60,2.10899,1.6,0.79365
Jan-61,2.10899,0,0
Feb-61,2.10899,-0.78125,0
Mar-61,2.1256,0.7874,0.7874
Apr-61,2.1256,1.5873,0
May-61,2.10899,0,-0.78125
Jun-61,2.1422,0.78125,1.5748
Jul-61,2.1256,-0.77519,-0.77519
Aug-61,2.17541,3.96825,2.34375
Sep-61,2.20863,5.55556,1.52672
Oct-61,2.17541,3.14961,-1.50376
Nov-61,2.17541,3.96825,0
Dec-61,2.1422,1.5748,-1.52672
Jan-62,2.14707,1.80557,0.22719
Feb-62,2.16688,2.74475,0.92253
Mar-62,2.16219,1.72162,-0.21624
Apr-62,2.14643,0.98015,-0.72892
May-62,2.15857,2.3509,0.56559
Jun-62,2.17454,1.50973,0.74001
Jul-62,2.12918,0.16854,-2.08619
Aug-62,2.10447,-3.26108,-1.16035
Sep-62,2.09808,-5.0051,-0.30361
Oct-62,2.1066,-3.16318,0.40605
Nov-62,2.10916,-3.04569,0.12132
Dec-62,2.08701,-2.57651,-1.05019
Jan-63,2.08786,-2.75766,0.04082
Feb-63,2.1132,-2.4769,1.21391
Mar-63,2.14047,-1.00473,1.29006
Apr-63,2.16368,0.80373,1.08458
May-63,2.1788,0.93735,0.69889
Jun-63,2.2197,2.0764,1.87683
Jul-63,2.19371,3.03091,-1.1706
Aug-63,2.17476,3.33974,-0.86408
Sep-63,2.17816,3.81687,0.15669
Oct-63,2.17199,3.10383,-0.28356
Nov-63,2.16155,2.4841,-0.48049
Dec-63,2.17902,4.40861,0.80796
Jan-64,2.17454,4.15179,-0.20526
Feb-64,2.22907,5.48277,2.50735
Mar-64,2.22438,3.9204,-0.2102
Apr-64,2.22907,3.02195,0.21065
May-64,2.20819,1.34897,-0.93637
Jun-64,2.22183,0.09595,0.61728
Jul-64,2.25377,2.73786,1.43788
Aug-64,2.27869,4.77916,1.10565
Sep-64,2.30808,5.9646,1.28984
Oct-64,2.30936,6.32477,0.05537
Nov-64,2.28849,5.8725,-0.90381
Dec-64,2.32257,6.58782,1.48906
Jan-65,2.34514,7.84525,0.97203
Feb-65,2.36814,6.23925,0.98084
Mar-65,2.35877,6.04175,-0.39572
Apr-65,2.36154,5.94305,0.11738
May-65,2.39285,8.36227,1.32576
Jun-65,2.35664,6.06787,-1.51313
Jul-65,2.39242,6.15196,1.5183
Aug-65,2.39775,5.22479,0.22256
Sep-65,2.41159,4.48464,0.57737
Oct-65,2.3822,3.15411,-1.21876
Nov-65,2.37666,3.85295,-0.23245
Dec-65,2.41053,3.78725,1.42486
Jan-66,2.43885,3.996,1.17512
Feb-66,2.4855,4.95548,1.9125
Mar-66,2.47187,4.79458,-0.54841
Apr-66,2.53278,7.25108,2.46424
May-66,2.51127,4.94882,-0.84931
Jun-66,2.54577,8.02531,1.37393
Jul-66,2.56004,7.00614,0.56053
Aug-66,2.58645,7.86996,1.03161
Sep-66,2.59753,7.70997,0.42819
Oct-66,2.61265,9.67367,0.58216
Nov-66,2.61882,10.18909,0.23641
Dec-66,2.65652,10.20498,1.43949
Jan-67,2.67718,9.77207,0.77768
Feb-67,2.72894,9.79434,1.93317
Mar-67,2.70146,9.2883,-1.00679
Apr-67,2.7251,7.59334,0.87512
May-67,2.73021,8.71851,0.18757
Jun-67,2.75449,8.19878,0.8893
Jul-67,2.76173,7.87854,0.26289
Aug-67,2.78942,7.8475,1.00254
Sep-67,2.71041,4.34569,-2.83271
Oct-67,2.70189,3.41567,-0.31432
Nov-67,2.70828,3.41574,0.23648
Dec-67,2.71445,2.18071,0.22806
Jan-68,2.70955,1.20923,-0.18046
Feb-68,2.70508,-0.87411,-0.16507
Mar-68,2.69337,-0.29959,-0.43304
Apr-68,2.69635,-1.0551,0.11071
May-68,2.71978,-0.38225,0.86888
Jun-68,2.76131,0.24743,1.52702
Jul-68,2.76173,0,0.01543
Aug-68,2.72276,-2.38986,-1.41127
Sep-68,2.72233,0.44004,-0.01564
Oct-68,2.73405,1.19029,0.43029
Nov-68,2.7645,2.07612,1.11397
Dec-68,2.76855,1.99294,0.14638
Jan-69,2.77856,2.54677,0.36157
Feb-69,2.78303,2.88166,0.16097
Mar-69,2.7907,3.61379,0.2755
Apr-69,2.77728,3.00158,-0.48081
May-69,2.77111,1.88724,-0.22239
Jun-69,2.77686,0.56305,0.20752
Jul-69,2.81732,2.0128,1.45728
Aug-69,2.82818,3.87203,0.38555
Sep-69,2.86205,5.13222,1.19738
Oct-69,2.83798,3.80151,-0.8409
Nov-69,2.8793,4.15254,1.45591
Dec-69,2.90102,4.78498,0.75449
Jan-70,2.89038,4.02422,-0.36708
Feb-70,2.90422,4.35448,0.47896
Mar-70,2.90209,3.99145,-0.07334
Apr-70,2.91018,4.78528,0.27888
May-70,2.93148,5.78741,0.73185
Jun-70,2.97344,7.07931,1.43127
Jul-70,2.99175,6.19141,0.616
Aug-70,3.01092,6.46133,0.64071
Sep-70,2.98451,4.27891,-0.87713
Oct-70,2.9941,5.50094,0.32113
Nov-70,3.06523,6.45758,2.37587
Dec-70,3.05352,5.25659,-0.38216
Jan-71,3.07042,6.22927,0.55364
Feb-71,3.07157,5.76228,0.03724
Mar-71,3.08729,6.3817,0.51191
Apr-71,3.07528,5.67326,-0.38892
May-71,3.06242,4.46665,-0.41833
Jun-71,3.07729,3.49252,0.48544
Jul-71,3.11788,4.21583,1.31921
Aug-71,3.12503,3.78974,0.22923
Sep-71,3.13389,5.00512,0.2836
Oct-71,3.1539,5.33738,0.63857
Nov-71,3.15991,3.08864,0.19036
Dec-71,3.16162,3.54029,0.05428
Jan-72,3.16391,3.04469,0.07234
Feb-72,3.1965,4.06739,1.03009
Mar-72,3.22223,4.37078,0.80494
Apr-72,3.2471,5.58706,0.77189
May-72,3.20422,4.63032,-1.32066
Jun-72,3.21508,4.47789,0.33904
Jul-72,3.29427,5.65744,2.4631
Aug-72,3.29971,5.58961,0.16489
Sep-72,3.30771,5.54643,0.24259
Oct-72,3.32515,5.42966,0.52723
Nov-72,3.34459,5.84457,0.58464
Dec-72,3.4092,7.83073,1.93179
Jan-73,3.48953,10.29186,2.35639
Feb-73,3.53785,10.67883,1.38456
Mar-73,3.56529,10.64679,0.77576
Apr-73,3.65249,12.48459,2.44567
May-73,3.6725,14.61456,0.5479
Jun-73,3.74855,16.59257,2.07068
Jul-73,4.00442,21.55689,6.82581
Aug-73,4.34691,31.73627,8.55287
Sep-73,4.41209,33.38807,1.49951
Oct-73,4.56533,37.29688,3.47308
Nov-73,4.58677,37.13993,0.46966
Dec-73,4.69826,37.81132,2.43082
Jan-74,4.53588,29.98525,-3.45625
Feb-74,4.62393,30.69899,1.94126
Mar-74,4.74115,32.98051,2.53493
Apr-74,4.79747,31.34784,1.18789
May-74,4.78231,30.21952,-0.31583
Jun-74,5.0013,33.41977,4.57915
Jul-74,5.13053,28.12165,2.58374
Aug-74,5.34437,22.9464,4.16806
Sep-74,5.45815,23.70894,2.12903
Oct-74,5.53963,21.34135,1.49277
Nov-74,5.53305,20.63077,-0.1187
Dec-74,5.66513,20.57929,2.3871
Jan-75,5.73946,26.53473,1.31207
Feb-75,5.82895,26.06034,1.55908
Mar-75,5.92014,24.86734,1.56457
Apr-75,6.2026,29.28908,4.7711
May-75,6.11055,27.77379,-1.48414
Jun-75,6.12913,22.55059,0.30411
Jul-75,6.23776,21.58141,1.77247
Aug-75,6.26407,17.20873,0.42165
Sep-75,6.3241,15.86528,0.95842
Oct-75,6.41759,15.84869,1.47823
Nov-75,6.37499,15.21649,-0.66376
Dec-75,6.38728,12.74727,0.19283
Jan-76,6.35441,10.71429,-0.51473
Feb-76,6.37785,9.41684,0.36892
Mar-76,6.41101,8.29148,0.51997
Apr-76,6.48077,4.4847,1.08807
May-76,6.4802,6.04941,-0.00882
Jun-76,6.48992,5.88647,0.15
Jul-76,6.52422,4.59233,0.52861
Aug-76,6.60913,5.50865,1.30143
Sep-76,6.77466,7.12445,2.50454
Oct-76,6.81125,6.13418,0.54015
Nov-76,6.9339,8.76721,1.80063
Dec-76,6.98193,9.30982,0.69267
Jan-77,7.00533,10.24368,0.3352
Feb-77,7.0785,10.98575,1.04453
Mar-77,7.19694,12.25909,1.67324
Apr-77,7.24779,11.83539,0.70653
May-77,7.0816,9.2807,-2.29295
Jun-77,7.06982,8.93548,-0.16637
Jul-77,7.3129,12.0885,3.43829
Aug-77,7.42576,12.3561,1.54329
Sep-77,7.45181,9.99529,0.35073
Oct-77,7.45119,9.39524,-0.00832
Nov-77,7.47971,7.87166,0.38282
Dec-77,7.45615,6.79211,-0.31504
Jan-78,7.43692,6.16093,-0.25782
Feb-78,7.48157,5.69426,0.60035
Mar-78,7.51072,4.35981,0.38956
Apr-78,7.56963,4.44045,0.78435
May-78,7.49459,5.83187,-0.99123
Jun-78,7.58265,7.25375,1.17491
Jul-78,7.89146,7.91147,4.07262
Aug-78,7.93053,6.79749,0.49505
Sep-78,7.93239,6.4492,0.02346
Oct-78,7.98138,7.11551,0.61757
Nov-78,7.93239,6.05206,-0.61378
Dec-78,7.86976,5.54724,-0.78956
Jan-79,7.89766,6.19528,0.35458
Feb-79,7.93611,6.07542,0.48681
Mar-79,8.01548,6.72061,1.00016
Apr-79,7.98386,5.47227,-0.39455
May-79,8.0899,7.94307,1.32816
Jun-79,8.13392,7.2702,0.54423
Jul-79,8.70504,10.3096,7.02142
Aug-79,8.78317,10.75143,0.89756
Sep-79,8.77015,10.56129,-0.14826
Oct-79,8.77945,9.99922,0.10606
Nov-79,8.59466,8.34897,-2.10482
Dec-79,8.58102,9.0379,-0.15873
Jan-80,8.69078,10.0424,1.27909
Feb-80,8.78689,10.72043,1.10596
Mar-80,8.90285,11.07071,1.31969
Apr-80,9.04424,13.28155,1.58808
May-80,9.03742,11.7124,-0.07542
Jun-80,9.15958,12.60959,1.35172
Jul-80,9.57195,9.95868,4.50206
Aug-80,9.66062,9.99012,0.92641
Sep-80,9.771,11.41201,1.14256
Oct-80,9.81131,11.75307,0.41252
Nov-80,9.92541,15.48341,1.16294
Dec-80,9.8789,15.12502,-0.46857
Jan-81,9.87518,13.62826,-0.03766
Feb-81,9.98184,13.59915,1.08006
Mar-81,9.95827,11.85484,-0.23607
Apr-81,10.09904,11.66267,1.41354
May-81,10.11206,11.89104,0.12895
Jun-81,10.27081,12.13188,1.56988
Jul-81,10.67388,11.51205,3.92441
Aug-81,10.86239,12.43982,1.76611
Sep-81,10.87789,11.3283,0.14272
Oct-81,10.93432,11.44609,0.51875
Nov-81,11.01989,11.02711,0.78262
Dec-81,10.90952,10.43249,-1.00163
Jan-82,10.90521,10.43048,-0.03948
Feb-82,10.87394,8.9373,-0.28669
Mar-82,10.90228,9.47959,0.26056
Apr-82,10.92279,8.15678,0.18819
May-82,10.9267,8.05615,0.03578
Jun-82,10.96578,6.76651,0.35765
Jul-82,11.07325,3.74162,0.98004
Aug-82,11.20319,3.13747,1.17346
Sep-82,11.24325,3.35872,0.35755
Oct-82,11.30675,3.40609,0.56482
Nov-82,11.34192,2.92226,0.31107
Dec-82,11.32336,3.79344,-0.16367
Jan-83,11.34388,4.02258,0.18119
Feb-83,11.35658,4.43845,0.11196
Mar-83,11.39371,4.50757,0.32691
Apr-83,11.60083,6.20751,1.81787
May-83,11.54514,5.65987,-0.48004
Jun-83,11.6106,5.88026,0.56698
Jul-83,11.79916,6.5555,1.62403
Aug-83,11.92128,6.4097,1.03503
Sep-83,11.96622,6.43031,0.37699
Oct-83,12.26128,8.44206,2.46571
Nov-83,12.32869,8.70015,0.5498
Dec-83,12.32283,8.82657,-0.04755
Jan-84,12.24369,7.93213,-0.64219
Feb-84,12.21438,7.55334,-0.23939
Mar-84,12.24369,7.46013,0.23996
Apr-84,12.3238,6.2321,0.65432
May-84,12.2857,6.41449,-0.30918
Jun-84,12.35604,6.4204,0.57256
Jul-84,12.5534,6.39232,1.59722
Aug-84,12.61593,5.82691,0.49809
Sep-84,12.77224,6.73579,1.23906
Oct-84,12.84161,4.73307,0.5431
Nov-84,12.86604,4.35851,0.1902
Dec-84,12.74293,3.40918,-0.95679
Jan-85,12.84454,4.90744,0.79736
Feb-85,12.96764,6.16701,0.95839
Mar-85,13.03799,6.48739,0.54245
Apr-85,13.21482,7.23006,1.35631
May-85,13.01063,5.9006,-1.54517
Jun-85,13.08391,5.89073,0.56319
Jul-85,13.2793,5.78255,1.49343
Aug-85,13.35356,5.84682,0.55915
Sep-85,13.3897,4.83439,0.27071
Oct-85,13.4493,4.7322,0.44509
Nov-85,13.47666,4.74599,0.2034
Dec-85,13.377,4.97585,-0.73945
Jan-86,13.43562,4.60181,0.43821
Feb-86,13.50108,4.11361,0.4872
Mar-86,13.4747,3.34957,-0.19538
Apr-86,13.50304,2.18098,0.21027
May-86,13.5216,3.92731,0.13747
Jun-86,13.52746,3.39008,0.04335
Jul-86,13.68183,3.03119,1.14112
Aug-86,13.71895,2.73632,0.27135
Sep-86,13.77269,2.86027,0.39168
Oct-86,13.8528,3.00015,0.58168
Nov-86,14.04624,4.22648,1.39643
Dec-86,14.00619,4.70348,-0.28518
Jan-87,13.93389,3.70855,-0.51618
Feb-87,13.86941,2.72813,-0.46277
Mar-87,13.82837,2.62471,-0.29586
Apr-87,14.06383,4.1531,1.7027
May-87,14.03745,3.81503,-0.18757
Jun-87,14.27779,5.54673,1.71214
Jul-87,14.44193,5.55556,1.14958
Aug-87,14.53279,5.9322,0.62914
Sep-87,14.6129,6.10059,0.55126
Oct-87,14.68911,6.0371,0.52149
Nov-87,14.77215,5.16798,0.56535
Dec-87,14.66175,4.68052,-0.74735
Jan-88,14.64123,5.07643,-0.13993
Feb-88,14.71646,6.10735,0.51381
Mar-88,14.87864,7.59503,1.10204
Apr-88,15.15513,7.75964,1.8583
May-88,15.17076,8.0735,0.10315
Jun-88,15.32904,7.3628,1.04328
Jul-88,15.89765,10.07983,3.70937
Aug-88,16.12333,10.94454,1.41962
Sep-88,16.09696,10.15578,-0.16361
Oct-88,16.21908,10.4157,0.75868
Nov-88,16.4262,11.19709,1.27703
Dec-88,16.2435,10.7883,-1.11223
Jan-89,16.27868,11.18377,0.21653
Feb-89,16.37051,11.23946,0.56416
Mar-89,16.41643,10.33554,0.2805
Apr-89,16.79453,10.81743,2.30316
May-89,16.61379,9.51185,-1.07621
Jun-89,16.6089,8.34927,-0.0294
Jul-89,16.80039,5.67847,1.15294
Aug-89,17.00165,5.44749,1.19795
Sep-89,17.06809,6.03302,0.39076
Oct-89,17.20584,6.08397,0.8071
Nov-89,17.26544,5.10914,0.34637
Dec-89,17.13452,5.48538,-0.75826
Jan-90,17.19998,5.65958,0.38203
Feb-90,17.30061,5.68155,0.58506
Mar-90,17.41199,6.06439,0.64378
Apr-90,17.59762,4.78185,1.0661
May-90,17.83112,7.32726,1.32689
Jun-90,18.08123,8.86471,1.40266
Jul-90,18.52283,10.25238,2.44232
Aug-90,18.97616,11.61361,2.44739
Sep-90,18.88432,10.6411,-0.48396
Oct-90,19.02696,10.58429,0.75534
Nov-90,19.47052,12.77162,2.33119
Dec-90,19.5008,13.81001,0.15555
Jan-91,19.6327,14.14371,0.67635
Feb-91,19.60534,13.32166,-0.13934
Mar-91,19.74407,13.39356,0.70763
Apr-91,20.17786,14.66245,2.19704
May-91,20.30975,13.90061,0.65366
Jun-91,20.36447,12.62765,0.26939
Jul-91,20.47358,10.53157,0.53579
Aug-91,20.7188,9.18335,1.19777
Sep-91,20.86362,10.4812,0.69897
Oct-91,21.04127,10.58659,0.85146
Nov-91,21.10113,8.37477,0.28448
Dec-91,21.12623,8.33517,0.11896
Jan-92,21.22471,8.10896,0.46614
Feb-92,21.47766,9.55002,1.19178
Mar-92,21.69199,9.86582,0.99793
Apr-92,22.00673,9.06374,1.45095
May-92,22.17665,9.19212,0.77213
Jun-92,22.32533,9.62886,0.67044
Jul-92,22.57249,10.25182,1.10707
Aug-92,22.9355,10.69897,1.60821
Sep-92,23.03591,10.41185,0.43778
Oct-92,23.10156,9.79169,0.285
Nov-92,23.25604,10.2123,0.66867
Dec-92,23.28307,10.2093,0.11624
Jan-93,23.37962,10.15284,0.41466
Feb-93,23.5283,9.54778,0.63594
Mar-93,23.62098,8.89265,0.39393
Apr-93,23.95889,8.87076,1.43056
May-93,24.25625,9.37745,1.24113
Jun-93,24.47445,9.62636,0.89954
Jul-93,24.73319,9.57228,1.0572
Aug-93,25.17537,9.76595,1.78781
Sep-93,25.39936,10.25985,0.88971
Oct-93,25.72955,11.37579,1.29998
Nov-93,25.87051,11.24211,0.54784
Dec-93,25.79906,10.8061,-0.27616
Jan-94,26.02691,11.32309,0.88317
Feb-94,26.36289,12.0476,1.2909
Mar-94,26.48454,12.12295,0.46144
Apr-94,27.11402,13.16892,2.37679
May-94,27.07347,11.61439,-0.14955
Jun-94,27.35345,11.76331,1.03416
Jul-94,27.78791,12.35069,1.58831
Aug-94,28.05245,11.42813,0.95198
Sep-94,28.47146,12.09518,1.49367
Oct-94,28.89819,12.3152,1.49881
Nov-94,29.30369,13.27064,1.40318
Dec-94,29.59719,14.72195,1.00158
Jan-95,30.02971,15.37948,1.46138
Feb-95,30.01234,13.84311,-0.05787
Mar-95,30.27687,14.31904,0.88143
Apr-95,30.31356,11.80031,0.12117
May-95,30.49314,12.63105,0.59239
Jun-95,30.66113,12.09233,0.55091
Jul-95,31.084,11.86158,1.37918
Aug-95,31.71155,13.04378,2.01888
Sep-95,31.99539,12.37708,0.89509
Oct-95,32.03015,10.8379,0.10863
Nov-95,32.37385,10.47707,1.07306
Dec-95,32.59012,10.11221,0.66802
Jan-96,32.71177,8.93133,0.37327
Feb-96,32.94155,9.76002,0.70244
Mar-96,33.38566,10.26786,1.34818
Apr-96,33.65599,11.02618,0.80972
May-96,33.7815,10.78394,0.37292
Jun-96,33.81818,10.29662,0.1086
Jul-96,34.29126,10.31805,1.39888
Aug-96,34.7373,9.5415,1.30075
Sep-96,35.14087,9.83102,1.16176
Oct-96,35.56181,11.02604,1.19787
Nov-96,35.9924,11.17738,1.21084
Dec-96,36.30714,11.40538,0.87446
Jan-97,37.09496,13.39945,2.16987
Feb-97,37.49852,13.83353,1.08792
Mar-97,37.33053,11.81608,-0.44799
Apr-97,38.22455,13.5743,2.39487
May-97,38.14924,12.92941,-0.19701
Jun-97,38.02953,12.45289,-0.31381
Jul-97,38.2651,11.58849,0.61945
Aug-97,38.51419,10.87271,0.65096
Sep-97,38.75749,10.29177,0.63171
Oct-97,38.91389,9.42607,0.40355
Nov-97,39.20353,8.92167,0.74431
Dec-97,39.24794,8.09977,0.11328
Jan-98,39.2267,5.74671,-0.05412
Feb-98,39.36766,4.98455,0.35934
Mar-98,40.06472,7.32426,1.77065
Apr-98,40.2443,5.2839,0.44821
May-98,40.30415,5.64863,0.14874
Jun-98,40.49339,6.4788,0.46951
Jul-98,40.84288,6.73664,0.8631
Aug-98,41.2001,6.97383,0.87462
Sep-98,41.24645,6.42188,0.11248
Oct-98,41.44919,6.51516,0.49155
Nov-98,41.64615,6.23061,0.47517
Dec-98,41.74462,6.36131,0.23646
Jan-99,41.66932,6.22693,-0.1804
Feb-99,41.82572,6.24387,0.37535
Mar-99,41.97054,4.75686,0.34624
Apr-99,42.08253,4.5677,0.26684
May-99,42.05164,4.33574,-0.07341
Jun-99,41.98406,3.68127,-0.16071
Jul-99,42.26983,3.49376,0.68068
Aug-99,42.46679,3.07447,0.46594
Sep-99,42.62899,3.3519,0.38194
Oct-99,43.02096,3.79204,0.91951
Nov-99,43.05765,3.38928,0.08528
Dec-99,43.01131,3.03437,-0.10763
Jan-00,43.0982,3.4291,0.20202
Feb-00,43.09048,3.02387,-0.01792
Mar-00,43.46894,3.57011,0.87829
Apr-00,43.71416,3.87721,0.56414
May-00,43.66782,3.84333,-0.10601
Jun-00,44.12545,5.10049,1.04798
Jul-00,44.37454,4.97922,0.5645
Aug-00,44.34944,4.43323,-0.05657
Sep-00,44.78197,5.05051,0.97527
Oct-00,44.98278,4.56014,0.44843
Nov-00,45.38634,5.40831,0.89715
Dec-00,45.1836,5.05051,-0.44671
1-Jan,45.10928,4.66628,-0.16447
1-Feb,45.07353,4.60206,-0.07927
1-Mar,45.28808,4.18492,0.476
1-Apr,45.44005,3.94811,0.33557
1-May,45.23444,3.58758,-0.45249
1-Jun,45.23891,2.52339,0.00988
1-Jul,45.47581,2.48176,0.52366
1-Aug,45.81551,3.30574,0.747
1-Sep,45.87809,2.44769,0.13659
1-Oct,46.11052,2.50705,0.50663
1-Nov,46.26696,1.94028,0.33928
1-Dec,45.98537,1.77447,-0.60864
2-Jan,46.01219,2.00159,0.05832
2-Feb,46.16863,2.42959,0.34
2-Mar,46.7944,3.3261,1.35541
2-Apr,46.95084,3.32481,0.33432
2-May,46.55303,2.91502,-0.8473
2-Jun,46.88827,3.64588,0.72012
2-Jul,47.39783,4.22646,1.08675
2-Aug,47.54533,3.77561,0.3112
2-Sep,47.63472,3.82892,0.18802
2-Oct,47.71071,3.47034,0.15952
2-Nov,47.67048,3.03352,-0.08432
2-Dec,47.55427,3.41174,-0.24379
3-Jan,47.63025,3.51661,0.15979
3-Feb,47.85375,3.64992,0.46922
3-Mar,47.86715,2.29248,0.02802
3-Apr,48.02807,2.29436,0.33617
3-May,47.8895,2.87086,-0.28851
3-Jun,47.79117,1.92564,-0.20534
3-Jul,48.06383,1.40513,0.57052
3-Aug,48.38118,1.75801,0.66028
3-Sep,48.67172,2.17697,0.60052
3-Oct,49.38689,3.51321,1.46937
3-Nov,49.6819,4.21941,0.59734
3-Dec,50.12888,5.41404,0.89969
4-Jan,50.08418,5.15203,-0.08917
4-Feb,49.91433,4.306,-0.33913
4-Mar,50.42388,5.3413,1.02087
4-Apr,50.90662,5.99349,0.95736
4-May,51.25974,7.03752,0.69365
4-Jun,51.83187,8.45492,1.11615
4-Jul,52.54704,9.32763,1.37979
4-Aug,52.85099,9.23873,0.57843
4-Sep,53.05213,8.99991,0.38058
4-Oct,53.68237,8.69762,1.18797
4-Nov,54.28133,9.25776,1.11574
4-Dec,53.82094,7.36514,-0.84816
5-Jan,54.3439,8.50513,0.97168
5-Feb,54.88028,9.94896,0.987
5-Mar,55.59098,10.24732,1.295
5-Apr,56.55646,11.09843,1.73675
5-May,56.30615,9.84479,-0.44258
5-Jun,56.35979,8.73577,0.09526
5-Jul,57.27163,8.99115,1.61789
5-Aug,57.29398,8.40663,0.03902
5-Sep,57.58004,8.53484,0.4993
5-Oct,58.12089,8.26811,0.9393
5-Nov,58.5634,7.88867,0.76136
5-Dec,58.40249,8.51258,-0.27477
6-Jan,59.10425,8.75966,1.20159
6-Feb,59.29645,8.04691,0.32519
6-Mar,59.43501,6.91485,0.23368
6-Apr,60.04291,6.16455,1.02279
6-May,60.31557,7.12074,0.45411
6-Jun,60.66868,7.64533,0.58545
6-Jul,61.6431,7.63287,1.60613
6-Aug,62.4119,8.93275,1.24719
6-Sep,62.60858,8.73312,0.31512
6-Oct,62.83207,8.10582,0.35696
6-Nov,63.28799,8.06747,0.72562
6-Dec,63.58746,8.878,0.4732
7-Jan,63.02874,6.63995,-0.87867
7-Feb,63.68133,7.39484,1.03539
7-Mar,63.99422,7.6709,0.49133
7-Apr,64.19536,6.9158,0.31431
7-May,64.78537,7.4107,0.91909
7-Jun,64.915,6.99919,0.20008
7-Jul,65.57206,6.37372,1.01219
7-Aug,66.4392,6.45277,1.32243
7-Sep,67.85166,8.37438,2.12594
7-Oct,68.68304,9.31209,1.2253
7-Nov,68.77691,8.67293,0.13667
7-Dec,69.17919,8.79376,0.58491
8-Jan,70.50225,11.85732,1.91252
8-Feb,70.84643,11.25149,0.48818
8-Mar,73.02769,14.11609,3.07886
8-Apr,75.24472,17.21209,3.03587
8-May,77.26954,19.27004,2.69098
8-Jun,78.89208,21.53136,2.09984
8-Jul,81.5248,24.32856,3.33711
8-Aug,82.95429,24.85745,1.75345
8-Sep,83.61462,23.2315,0.79601
8-Oct,84.77563,23.43022,1.38853
8-Nov,84.50714,22.87139,-0.3167
8-Dec,84.30397,21.86319,-0.24043
9-Jan,84.50714,19.86446,0.24101
9-Feb,85.66816,20.92092,1.37386
9-Mar,85.98018,17.7364,0.36422
9-Apr,86.84368,15.41499,1.0043
9-May,86.78563,12.31545,-0.06684
9-Jun,87.54029,10.96207,0.86957
9-Jul,88.86094,8.99866,1.50862
9-Aug,90.47184,9.06228,1.81284
9-Sep,90.62423,8.38323,0.16843
9-Oct,91.16845,7.54087,0.60053
9-Nov,92.373,9.30792,1.32124
9-Dec,91.69816,8.77087,-0.73056
10-Jan,94.07098,11.31719,2.58764
10-Feb,94.42654,10.22362,0.37797
10-Mar,95.60206,11.19082,1.24491
10-Apr,97.35084,12.09893,1.82922
10-May,97.48145,12.32441,0.13417
10-Jun,97.83701,11.76227,0.36475
10-Jul,99.86153,12.37955,2.06927
10-Aug,102.04568,12.79275,2.18718
10-Sep,104.12099,14.89311,2.03371
10-Oct,105.14413,15.32951,0.98265
10-Nov,106.18904,14.95679,0.99379
10-Dec,105.86976,15.45462,-0.30067
11-Jan,107.15413,13.90774,1.21316
11-Feb,106.55911,12.84869,-0.55529
11-Mar,108.05391,13.02467,1.40279
11-Apr,109.56323,12.54472,1.39682
11-May,109.80994,12.64702,0.22518
11-Jun,110.86211,13.31306,0.95817
11-Jul,112.26984,12.42552,1.2698
11-Aug,113.8372,11.55514,1.39607
11-Sep,115.01273,10.46066,1.03264
11-Oct,116.67443,10.96618,1.44479
11-Nov,117.00822,10.1886,0.28609
11-Dec,116.18825,9.7464,-0.70078
12-Jan,117.97331,10.09684,1.53635
12-Feb,118.32887,11.04528,0.30139
12-Mar,119.71483,10.79175,1.17128
12-Apr,121.90624,11.26565,1.83052
12-May,123.30671,12.29102,1.14881
12-Jun,123.35024,11.26456,0.03531
12-Jul,123.04548,9.59798,-0.24707
12-Aug,124.14844,9.05788,0.89638
12-Sep,125.12804,8.79495,0.78906
12-Oct,125.60696,7.65595,0.38274
12-Nov,125.11353,6.92713,-0.39284
12-Dec,125.40378,7.93155,0.23199
13-Jan,127.49361,8.06987,1.66647
13-Feb,127.06548,7.38333,-0.3358
13-Mar,127.58068,6.57049,0.40546
13-Apr,128.9739,5.79762,1.09203
13-May,129.63422,5.13152,0.51198
13-Jun,130.57029,5.85329,0.72208
13-Jul,133.21159,8.26207,2.0229
13-Aug,134.75719,8.54521,1.16026
13-Sep,134.3726,7.38808,-0.28539
13-Oct,137.0139,9.08146,1.96566
13-Nov,138.74816,10.89781,1.26576
13-Dec,136.91231,9.17718,-1.32315
14-Jan,137.5799,7.91121,0.4876
14-Feb,137.14452,7.93216,-0.31646
14-Mar,138.46517,8.53145,0.96296
14-Apr,140.81622,9.18195,1.69794
14-May,140.44614,8.34033,-0.26281
14-Jun,141.30965,8.22496,0.61483
14-Jul,143.71149,7.88212,1.6997
14-Aug,144.18315,6.99478,0.3282
14-Sep,144.69109,7.67902,0.35229
14-Oct,144.9886,5.82036,0.20562
14-Nov,144.24846,3.96423,-0.51048
14-Dec,142.79719,4.29828,-1.00609
15-Jan,142.91329,3.87658,0.0813
15-Feb,141.59264,3.24339,-0.92409
15-Mar,141.91192,2.48926,0.22549
15-Apr,143.79131,2.11275,1.32433
15-May,144.87976,3.15681,0.75696
15-Jun,145.77228,3.15806,0.61605
15-Jul,146.302,1.80258,0.36338
15-Aug,146.75914,1.78661,0.31247
15-Sep,146.60676,1.32397,-0.10383
15-Oct,147.32514,1.61153,0.49
15-Nov,148.18864,2.73153,0.58612
15-Dec,147.34691,3.18614,-0.56801
16-Jan,147.65893,3.32064,0.21176
16-Feb,147.28886,4.02296,-0.25063
16-Mar,147.50655,3.94232,0.1478
16-Apr,149.79229,4.1734,1.54959
16-May,149.47301,3.17039,-0.21315
16-Jun,150.42359,3.1908,0.63595
16-Jul,152.44085,4.19601,1.34105
16-Aug,151.99095,3.56489,-0.29513
16-Sep,152.29572,3.88042,0.20052
16-Oct,153.52204,4.20627,0.80522
16-Nov,153.84132,3.81451,0.20797
16-Dec,152.79641,3.69841,-0.67921
17-Jan,153.06489,3.66111,0.17571
17-Feb,153.50027,4.21716,0.28444
17-Mar,154.79189,4.939,0.84145
17-Apr,156.95428,4.78128,1.39696
17-May,156.97605,5.01966,0.01387
17-Jun,156.33749,3.9315,-0.40679
17-Jul,156.87446,2.90842,0.34347
17-Aug,157.17923,3.41354,0.19427
17-Sep,158.17334,3.85935,0.63247
17-Oct,159.35612,3.80016,0.74778
17-Nov,159.94388,3.96679,0.36884
17-Dec,159.78425,4.5733,-0.09981
18-Jan,159.83504,4.42306,0.03179
18-Feb,159.33435,3.8007,-0.31325
18-Mar,159.82053,3.24864,0.30513
18-Apr,162.72306,3.67545,1.81612
18-May,163.55753,4.19267,0.51282
18-Jun,164.48634,5.21235,0.56788
18-Jul,166.02468,5.83283,0.93524
18-Aug,166.36573,5.84461,0.20542
18-Sep,166.2714,5.11974,-0.0567
18-Oct,170.15353,6.77565,2.33482
18-Nov,170.3422,6.50122,0.11088
18-Dec,169.63833,6.16712,-0.41321
19-Jan,171.32906,7.19117,0.99666
19-Feb,172.4175,8.21113,0.6353
19-Mar,174.86289,9.41203,1.41829
19-Apr,177.07606,8.82051,1.26567
19-May,178.46202,9.11269,0.78269
19-Jun,179.10058,8.88477,0.35781
19-Jul,183.19315,10.34091,2.28507
19-Aug,186.19558,11.91943,1.63895
19-Sep,187.63025,12.84577,0.77051
19-Oct,191.03203,12.27039,1.81302
19-Nov,193.60554,13.65683,1.34717
19-Dec,192.94653,13.73994,-0.34039
20-Jan,196.75446,14.8401,1.97356
20-Feb,194.70417,12.92598,-1.04206
20-Mar,194.77878,11.38943,0.03832
20-Apr,193.15005,9.07744,-0.83619
20-May,193.76223,8.57337,0.31695
20-Jun,195.34681,9.07101,0.8178
20-Jul,200.23099,9.30048,2.50026
20-Aug,201.4836,8.21073,0.62558
20-Sep,204.57858,9.03284,1.5361
20-Oct,208.0598,8.91357,1.70165
20-Nov,209.76516,8.34667,0.81965
20-Dec,208.33313,7.97454,-0.68268
21-Jan,207.88986,5.65954,-0.21277
21-Feb,211.63822,8.69733,1.80305
21-Mar,212.40407,9.04888,0.36186
21-Apr,214.59794,11.10427,1.03288
21-May,214.81756,10.86658,0.10234
21-Jun,214.20105,9.65168,-0.28699
21-Jul,217.05815,8.40387,1.33384
21-Aug,218.31456,8.35352,0.57884
21-Sep,222.95185,8.98103,2.12413
21-Oct,227.19469,9.19682,1.90303
21-Nov,233.95867,11.53362,2.97717
21-Dec,233.92016,12.28179,-0.01646
22-Jan,234.8402,12.96376,0.39331
22-Feb,237.54485,12.241,1.1517
22-Mar,239.4308,12.72421,0.79393
22-Apr,243.29376,13.3719,1.61339
22-May,244.37513,13.75938,
22-Jun,259.87922,21.3249,6.34438
